URL,Meta Title,Meta Description,Schema Markup Code
/,MedTech For Solutions | IVF Lab Management & ART Services,"MedTech For Solutions delivers end-to-end IVF laboratory management, ART practice development, staffing, regulatory compliance, and GPO purchasing for 300+ fertility clinics nationwide. Call (866) 634-9144.","{""@context"":""https://schema.org"",""@type"":[""Organization"",""LocalBusiness""],""@id"":""/#organization"",""name"":""MedTech For Solutions"",""alternateName"":""MedTech For Solutions Inc."",""url"":""/"",""description"":""MedTech For Solutions is a comprehensive laboratory management and practice development company specializing in the assisted reproductive technology (ART) industry. Founded in 2005 and based in White Plains, NY, MedTech serves fertility clinics, IVF laboratories, and reproductive medicine facilities across the United States and internationally."",""foundingDate"":""2005"",""telephone"":""+1-866-634-9144"",""faxNumber"":""+1-866-482-5058"",""email"":""info@medtech4solutions.com"",""address"":{""@type"":""PostalAddress"",""streetAddress"":""399 Knollwood Road"",""addressLocality"":""White Plains"",""addressRegion"":""NY"",""postalCode"":""10603"",""addressCountry"":""US""},""areaServed"":[{""@type"":""Country"",""name"":""United States""},{""@type"":""AdministrativeArea"",""name"":""International""}],""knowsAbout"":[""Assisted Reproductive Technology"",""IVF Laboratory Management"",""Embryology Laboratory Design"",""Fertility Clinic Consulting"",""ART Regulatory Compliance"",""IVF Temporary Staffing"",""Healthcare Group Purchasing""]} {""@context"":""https://schema.org"",""@type"":""FAQPage"",""mainEntity"":[{""@type"":""Question"",""name"":""What is MedTech For Solutions?"",""acceptedAnswer"":{""@type"":""Answer"",""text"":""MedTech For Solutions is a healthcare consulting company founded in 2005, specializing exclusively in the assisted reproductive technology (ART) industry. Based in White Plains, NY, MedTech provides IVF laboratory management, practice development, temporary staffing, recruitment, regulatory compliance, and group purchasing services to fertility clinics and IVF laboratories across the United States and internationally.""}},{""@type"":""Question"",""name"":""What services does MedTech provide for IVF laboratories?"",""acceptedAnswer"":{""@type"":""Answer"",""text"":""MedTech provides comprehensive IVF laboratory services including laboratory design and construction, real-time monitoring via the OvaTools platform, regulatory compliance for FDA, CLIA, CAP, and AABB, quality control programs, temporary staffing with TS (ABB) certified professionals, group purchasing through 1,800+ vendor contracts, and practice development consulting. MedTech has designed or managed over 30 ART laboratories nationally.""}},{""@type"":""Question"",""name"":""How does MedTech's Group Purchasing Organization work?"",""acceptedAnswer"":{""@type"":""Answer"",""text"":""MedTech's GPO delivers comprehensive Group Purchasing Organization solutions designed exclusively for fertility practices. By pooling the collective buying power of over 300 IVF member practices, the GPO secures significantly lower pricing across laboratory supplies, clinical products, and operational services. The GPO is free to join with no purchasing obligations or spending commitments. Members access 1,800+ active vendor contracts with leaders including Staples, FedEx, Roche, Nikon, Olympus, and GE. GPO members also receive 10% - 50% cost savings on MedTech professional services, depending on the situation.""}},{""@type"":""Question"",""name"":""Does MedTech provide temporary IVF laboratory staffing?"",""acceptedAnswer"":{""@type"":""Answer"",""text"":""Yes. MedTech provides short-term laboratory staffing to meet the immediate coverage needs of fertility clinics and IVF laboratories. Available roles include embryologists and HCLD off-site directors, all TS (ABB) certified and ready to integrate seamlessly into your laboratory operations.""}},{""@type"":""Question"",""name"":""What management services does MedTech offer?"",""acceptedAnswer"":{""@type"":""Answer"",""text"":""MedTech provides five management services: data-driven marketing, dedicated call center operations, accounting and financial oversight, human resources, and professional liability insurance and risk management.""}},{""@type"":""Question"",""name"":""Where is MedTech For Solutions located?"",""acceptedAnswer"":{""@type"":""Answer"",""text"":""MedTech For Solutions is headquartered at 399 Knollwood Road, White Plains, NY 10603. They serve fertility clinics nationwide and internationally. Contact: (866) 634-9144 or info@medtech4solutions.com.""}}]} {""@context"":""https://schema.org"",""@type"":""BreadcrumbList"",""itemListElement"":[{""@type"":""ListItem"",""position"":1,""name"":""Home"",""item"":""/""}]}"
/about/,About MedTech For Solutions | IVF & ART Industry Specialists Since 2005,"MedTech For Solutions is a healthcare consulting firm founded in 2005, specializing exclusively in assisted reproductive technology (ART). Headquartered in White Plains, NY, serving 300+ fertility clinics nationwide.","{""@context"":""https://schema.org"",""@type"":""AboutPage"",""name"":""About MedTech For Solutions"",""url"":""/about/"",""mainEntity"":{""@type"":""Organization"",""@id"":""/#organization"",""name"":""MedTech For Solutions"",""alternateName"":""MedTech For Solutions Inc."",""url"":""/"",""foundingDate"":""2005"",""description"":""MedTech For Solutions is a healthcare consulting company founded in 2005, specializing exclusively in the assisted reproductive technology (ART) industry. Based in White Plains, NY, serving 300+ fertility clinics with IVF laboratory management, practice development, staffing, regulatory compliance, and group purchasing services."",""telephone"":""+1-866-634-9144"",""faxNumber"":""+1-866-482-5058"",""email"":""info@medtech4solutions.com"",""address"":{""@type"":""PostalAddress"",""streetAddress"":""399 Knollwood Road"",""addressLocality"":""White Plains"",""addressRegion"":""NY"",""postalCode"":""10603"",""addressCountry"":""US""},""numberOfEmployees"":{""@type"":""QuantitativeValue"",""value"":50},""areaServed"":[{""@type"":""Country"",""name"":""United States""},{""@type"":""AdministrativeArea"",""name"":""International""}],""knowsAbout"":[""Assisted Reproductive Technology"",""IVF Laboratory Management"",""Embryology Laboratory Design"",""Fertility Clinic Consulting"",""ART Regulatory Compliance"",""IVF Staffing"",""Healthcare Group Purchasing""]}} {""@context"":""https://schema.org"",""@type"":""BreadcrumbList"",""itemListElement"":[{""@type"":""ListItem"",""position"":1,""name"":""Home"",""item"":""/""},{""@type"":""ListItem"",""position"":2,""name"":""About"",""item"":""/about/""}]}"
/staff/,Our Team | MedTech For Solutions ART Industry Experts,"Meet MedTech For Solutions' leadership team — 30+ years of combined ART expertise spanning IVF lab management, embryology, compliance, and practice development.","{""@context"":""https://schema.org"",""@type"":[""Organization"",""LocalBusiness""],""@id"":""/#organization"",""name"":""MedTech For Solutions"",""alternateName"":""MedTech For Solutions Inc."",""url"":""/"",""description"":""MedTech For Solutions is a comprehensive laboratory management and practice development company specializing in the assisted reproductive technology (ART) industry. Founded in 2005 and based in White Plains, NY, MedTech serves fertility clinics, IVF laboratories, and reproductive medicine facilities across the United States and internationally."",""foundingDate"":""2005"",""telephone"":""+1-866-634-9144"",""faxNumber"":""+1-866-482-5058"",""email"":""info@medtech4solutions.com"",""address"":{""@type"":""PostalAddress"",""streetAddress"":""399 Knollwood Road"",""addressLocality"":""White Plains"",""addressRegion"":""NY"",""postalCode"":""10603"",""addressCountry"":""US""},""areaServed"":[{""@type"":""Country"",""name"":""United States""},{""@type"":""AdministrativeArea"",""name"":""International""}],""knowsAbout"":[""Assisted Reproductive Technology"",""IVF Laboratory Management"",""Embryology Laboratory Design"",""Fertility Clinic Consulting"",""ART Regulatory Compliance"",""IVF Temporary Staffing"",""Healthcare Group Purchasing""]} {""@context"":""https://schema.org"",""@type"":""BreadcrumbList"",""itemListElement"":[{""@type"":""ListItem"",""position"":1,""name"":""Home"",""item"":""/""},{""@type"":""ListItem"",""position"":2,""name"":""Staff"",""item"":""/staff/""}]}"
/services/,Services for Fertility Clinics | MedTech For Solutions,"Explore MedTech For Solutions' full service suite: IVF lab management, real-time monitoring, regulatory compliance, staffing, GPO purchasing, and practice development for fertility clinics.","{""@context"":""https://schema.org"",""@type"":""Service"",""name"":""IVF Laboratory & Practice Management Services"",""serviceType"":""Healthcare Consulting"",""provider"":{""@type"":""Organization"",""@id"":""/#organization"",""name"":""MedTech For Solutions"",""url"":""/"",""telephone"":""+1-866-634-9144""},""url"":""/services/"",""description"":""Comprehensive services for fertility clinics and IVF laboratories: laboratory solutions including real-time monitoring, regulatory compliance, staffing, and GPO purchasing; plus management services covering marketing, call center, HR, accounting, and insurance."",""areaServed"":{""@type"":""Country"",""name"":""United States""},""hasOfferCatalog"":{""@type"":""OfferCatalog"",""name"":""MedTech Services"",""itemListElement"":[{""@type"":""Offer"",""itemOffered"":{""@type"":""Service"",""name"":""IVF Laboratory Solutions"",""url"":""/services/lab-solutions/""}},{""@type"":""Offer"",""itemOffered"":{""@type"":""Service"",""name"":""Practice Management Services"",""url"":""/services/management-services/""}}]}} {""@context"":""https://schema.org"",""@type"":""BreadcrumbList"",""itemListElement"":[{""@type"":""ListItem"",""position"":1,""name"":""Home"",""item"":""/""},{""@type"":""ListItem"",""position"":2,""name"":""Services"",""item"":""/services/""}]}"
/services/lab-solutions/,IVF Laboratory Solutions | MedTech For Solutions,"MedTech For Solutions provides complete IVF laboratory solutions: real-time monitoring, FDA/CLIA/CAP compliance, certified staffing, GPO purchasing, and practice development for ART labs.","{""@context"":""https://schema.org"",""@type"":""Service"",""name"":""IVF Laboratory Solutions"",""serviceType"":""Healthcare Consulting"",""provider"":{""@type"":""Organization"",""@id"":""/#organization"",""name"":""MedTech For Solutions"",""url"":""/"",""telephone"":""+1-866-634-9144""},""url"":""/services/lab-solutions/"",""description"":""End-to-end IVF laboratory solutions for fertility clinics: real-time monitoring via OvaTools, FDA/CLIA/CAP/AABB regulatory compliance, TS(ABB)-certified staffing, group purchasing organization (GPO) with 1,800+ vendor contracts, and practice development services."",""areaServed"":{""@type"":""Country"",""name"":""United States""},""hasOfferCatalog"":{""@type"":""OfferCatalog"",""name"":""Laboratory Solutions"",""itemListElement"":[{""@type"":""Offer"",""itemOffered"":{""@type"":""Service"",""name"":""Real-Time Lab Monitoring"",""url"":""/services/lab-solutions/real-time-monitoring/""}},{""@type"":""Offer"",""itemOffered"":{""@type"":""Service"",""name"":""Regulatory Compliance"",""url"":""/services/lab-solutions/regulatory-compliance/""}},{""@type"":""Offer"",""itemOffered"":{""@type"":""Service"",""name"":""Staffing Solutions"",""url"":""/services/lab-solutions/staffing-solutions/""}},{""@type"":""Offer"",""itemOffered"":{""@type"":""Service"",""name"":""GPO Purchasing"",""url"":""/services/lab-solutions/gpo-purchasing/""}},{""@type"":""Offer"",""itemOffered"":{""@type"":""Service"",""name"":""Practice Development"",""url"":""/services/lab-solutions/practice-development/""}}]}} {""@context"":""https://schema.org"",""@type"":""BreadcrumbList"",""itemListElement"":[{""@type"":""ListItem"",""position"":1,""name"":""Home"",""item"":""/""},{""@type"":""ListItem"",""position"":2,""name"":""Laboratory Solutions"",""item"":""/services/lab-solutions/""}]}"
/services/lab-solutions/real-time-monitoring/,Real-Time IVF Lab Monitoring | MedTech For Solutions,"Monitor your IVF lab in real time with MedTech's OvaTools platform. Track incubators, cryogenic tanks, patient cycles, and equipment with instant alerts and compliance reporting.","{""@context"":""https://schema.org"",""@type"":""Service"",""name"":""Real-Time IVF Lab Monitoring"",""serviceType"":""Healthcare Technology"",""provider"":{""@type"":""Organization"",""@id"":""/#organization"",""name"":""MedTech For Solutions"",""url"":""/"",""telephone"":""+1-866-634-9144""},""url"":""/services/lab-solutions/real-time-monitoring/"",""description"":""Monitor your IVF laboratory in real time with MedTech's OvaTools platform. Track incubators, cryogenic tanks, patient cycles, and equipment with instant alerts, compliance reporting, and 24/7 oversight for fertility clinics."",""areaServed"":{""@type"":""Country"",""name"":""United States""}} {""@context"":""https://schema.org"",""@type"":""BreadcrumbList"",""itemListElement"":[{""@type"":""ListItem"",""position"":1,""name"":""Home"",""item"":""/""},{""@type"":""ListItem"",""position"":2,""name"":""Laboratory Solutions"",""item"":""/services/lab-solutions/""},{""@type"":""ListItem"",""position"":3,""name"":""Real-Time Monitoring"",""item"":""/services/lab-solutions/real-time-monitoring/""}]} {""@context"":""https://schema.org"",""@type"":""FAQPage"",""mainEntity"":[{""@type"":""Question"",""name"":""What equipment can be monitored?"",""acceptedAnswer"":{""@type"":""Answer"",""text"":""Incubators, cryogenic storage tanks, refrigerators, and any critical lab equipment &mdash; tracking temperature, CO2, humidity, and other parameters around the clock.""}},{""@type"":""Question"",""name"":""How fast do alerts arrive?"",""acceptedAnswer"":{""@type"":""Answer"",""text"":""Alert response is under two seconds, delivered simultaneously by SMS, email, and in-app notification, with configurable thresholds and escalation paths for your team.""}},{""@type"":""Question"",""name"":""Does the platform help with inspections and accreditation?"",""acceptedAnswer"":{""@type"":""Answer"",""text"":""Yes. OvaTools automatically generates regulatory-ready documentation, complete audit trails, and compliance reports that support FDA, CLIA, CAP, and AABB readiness.""}},{""@type"":""Question"",""name"":""Can I check my lab remotely?"",""acceptedAnswer"":{""@type"":""Answer"",""text"":""Yes. Dashboards are securely cloud-based, so laboratory directors can review live equipment status, patient-cycle tracking, and quality metrics from anywhere.""}}]}"
/services/lab-solutions/regulatory-compliance/,Regulatory Compliance | MedTech For Solutions,"Comprehensive regulatory compliance solutions for ART/IVF laboratories. FDA, CLIA, CAP, AABB compliance reporting and audit preparation by MedTech For Solutions.","{""@context"":""https://schema.org"",""@type"":""Service"",""name"":""ART/IVF Laboratory Regulatory Compliance"",""serviceType"":""Healthcare Compliance Consulting"",""provider"":{""@type"":""Organization"",""@id"":""/#organization"",""name"":""MedTech For Solutions"",""url"":""/"",""telephone"":""+1-866-634-9144""},""url"":""/services/lab-solutions/regulatory-compliance/"",""description"":""Comprehensive regulatory compliance solutions for ART and IVF laboratories covering FDA, CLIA, CAP, and AABB standards. Services include compliance reporting, policy development, audit preparation, and ongoing quality assurance for fertility clinics."",""areaServed"":{""@type"":""Country"",""name"":""United States""}} {""@context"":""https://schema.org"",""@type"":""BreadcrumbList"",""itemListElement"":[{""@type"":""ListItem"",""position"":1,""name"":""Home"",""item"":""/""},{""@type"":""ListItem"",""position"":2,""name"":""Laboratory Solutions"",""item"":""/services/lab-solutions/""},{""@type"":""ListItem"",""position"":3,""name"":""Regulatory Compliance"",""item"":""/services/lab-solutions/regulatory-compliance/""}]}"
/services/lab-solutions/staffing-solutions/,IVF & ART Laboratory Staffing Solutions | MedTech,Fill critical IVF lab roles fast with MedTech's certified ART staffing. TS (ABB) embryologists and HCLD off-site directors ready for fertility clinics nationwide.,"{""@context"":""https://schema.org"",""@type"":""Service"",""name"":""IVF & ART Laboratory Staffing Solutions"",""serviceType"":""Healthcare Staffing"",""provider"":{""@type"":""Organization"",""@id"":""/#organization"",""name"":""MedTech For Solutions"",""url"":""/"",""telephone"":""+1-866-634-9144""},""url"":""/services/lab-solutions/staffing-solutions/"",""description"":""Certified ART staffing for fertility clinics and IVF laboratories. TS(ABB) embryologists and HCLD off-site directors. Short-term coverage for reproductive medicine practices nationwide."",""areaServed"":{""@type"":""Country"",""name"":""United States""}} {""@context"":""https://schema.org"",""@type"":""BreadcrumbList"",""itemListElement"":[{""@type"":""ListItem"",""position"":1,""name"":""Home"",""item"":""/""},{""@type"":""ListItem"",""position"":2,""name"":""Laboratory Solutions"",""item"":""/services/lab-solutions/""},{""@type"":""ListItem"",""position"":3,""name"":""Staffing Solutions"",""item"":""/services/lab-solutions/staffing-solutions/""}]}"
/services/lab-solutions/gpo-purchasing/,GPO Purchasing for Fertility Clinics | MedTech For Solutions,"Join MedTech's GPO free of charge and access 1,800+ vendor contracts for IVF lab supplies, equipment, and services. Pool buying power with 300+ practices for significant savings.","{""@context"":""https://schema.org"",""@type"":""Service"",""name"":""GPO Purchasing for Fertility Clinics"",""serviceType"":""Group Purchasing Organization"",""provider"":{""@type"":""Organization"",""@id"":""/#organization"",""name"":""MedTech For Solutions"",""url"":""/"",""telephone"":""+1-866-634-9144""},""url"":""/services/lab-solutions/gpo-purchasing/"",""description"":""MedTech's Group Purchasing Organization (GPO) is free to join with no purchasing obligations. Access 1,800+ vendor contracts pooling the buying power of 300+ IVF practices for significant savings on lab supplies, equipment, and services. Vendors include Staples, FedEx, Roche, Nikon, Olympus, and GE. GPO members receive 10% - 50% cost savings on MedTech services, depending on the situation."",""areaServed"":{""@type"":""Country"",""name"":""United States""},""offers"":{""@type"":""Offer"",""price"":""0"",""priceCurrency"":""USD"",""description"":""Free to join \u2014 no purchasing obligations or spending commitments""}} {""@context"":""https://schema.org"",""@type"":""BreadcrumbList"",""itemListElement"":[{""@type"":""ListItem"",""position"":1,""name"":""Home"",""item"":""/""},{""@type"":""ListItem"",""position"":2,""name"":""Laboratory Solutions"",""item"":""/services/lab-solutions/""},{""@type"":""ListItem"",""position"":3,""name"":""GPO Purchasing"",""item"":""/services/lab-solutions/gpo-purchasing/""}]}"
/services/lab-solutions/practice-development/,IVF Practice Development Services | MedTech For Solutions,"Launch or grow your fertility practice with MedTech For Solutions. We offer IVF lab design, new practice startups, growth strategy, staff training, and hands-on implementation support.","{""@context"":""https://schema.org"",""@type"":""Service"",""name"":""IVF Practice Development Services"",""serviceType"":""Healthcare Consulting"",""provider"":{""@type"":""Organization"",""@id"":""/#organization"",""name"":""MedTech For Solutions"",""url"":""/"",""telephone"":""+1-866-634-9144""},""url"":""/services/lab-solutions/practice-development/"",""description"":""Launch or grow your fertility practice with MedTech For Solutions. Services include IVF lab design and construction, new practice startups, growth strategy, staff training, and hands-on implementation support. MedTech has designed 30+ ART laboratories nationwide."",""areaServed"":{""@type"":""Country"",""name"":""United States""}} {""@context"":""https://schema.org"",""@type"":""BreadcrumbList"",""itemListElement"":[{""@type"":""ListItem"",""position"":1,""name"":""Home"",""item"":""/""},{""@type"":""ListItem"",""position"":2,""name"":""Laboratory Solutions"",""item"":""/services/lab-solutions/""},{""@type"":""ListItem"",""position"":3,""name"":""Practice Development"",""item"":""/services/lab-solutions/practice-development/""}]}"
/services/management-services/,Management Services | MedTech For Solutions,"Comprehensive fertility practice management services: marketing, call center, accounting, HR, and risk management from MedTech For Solutions.","{""@context"":""https://schema.org"",""@type"":""Service"",""name"":""Fertility Practice Management Services"",""serviceType"":""Healthcare Practice Management"",""provider"":{""@type"":""Organization"",""@id"":""/#organization"",""name"":""MedTech For Solutions"",""url"":""/"",""telephone"":""+1-866-634-9144""},""url"":""/services/management-services/"",""description"":""Comprehensive fertility practice management services from MedTech For Solutions: data-driven marketing, dedicated call center operations, accounting and financial oversight, human resources management, and professional liability insurance and risk management."",""areaServed"":{""@type"":""Country"",""name"":""United States""},""hasOfferCatalog"":{""@type"":""OfferCatalog"",""name"":""Management Services"",""itemListElement"":[{""@type"":""Offer"",""itemOffered"":{""@type"":""Service"",""name"":""Marketing"",""url"":""/services/management-services/marketing/""}},{""@type"":""Offer"",""itemOffered"":{""@type"":""Service"",""name"":""Call Center"",""url"":""/services/management-services/call-center/""}},{""@type"":""Offer"",""itemOffered"":{""@type"":""Service"",""name"":""Accounting & Finance"",""url"":""/services/management-services/accounting-finance/""}},{""@type"":""Offer"",""itemOffered"":{""@type"":""Service"",""name"":""Human Resources"",""url"":""/services/management-services/human-resources/""}},{""@type"":""Offer"",""itemOffered"":{""@type"":""Service"",""name"":""Insurance & Risk Management"",""url"":""/services/management-services/insurance-risk-management/""}}]}} {""@context"":""https://schema.org"",""@type"":""BreadcrumbList"",""itemListElement"":[{""@type"":""ListItem"",""position"":1,""name"":""Home"",""item"":""/""},{""@type"":""ListItem"",""position"":2,""name"":""Management Services"",""item"":""/services/management-services/""}]} {""@context"":""https://schema.org"",""@type"":""FAQPage"",""mainEntity"":[{""@type"":""Question"",""name"":""Can we start with just one service?"",""acceptedAnswer"":{""@type"":""Answer"",""text"":""Absolutely. Many practices begin with a single service line &mdash; often the call center or accounting &mdash; and expand as results build. Every plan is scoped to what your practice actually needs.""}},{""@type"":""Question"",""name"":""How are engagements priced?"",""acceptedAnswer"":{""@type"":""Answer"",""text"":""Each solution is scoped individually after a free consultation, based on your practice&rsquo;s size, goals, and the services involved. You&rsquo;ll always know the plan before anything begins.""}},{""@type"":""Question"",""name"":""How quickly can we get started?"",""acceptedAnswer"":{""@type"":""Answer"",""text"":""We respond to every inquiry within one business day, and most engagements begin with an operational assessment scheduled within the first conversation.""}}]}"
/services/management-services/marketing/,Marketing | MedTech For Solutions,"Data-driven marketing strategies for fertility clinics and IVF practices. Digital marketing, patient acquisition, and brand development from MedTech For Solutions.","{""@context"":""https://schema.org"",""@type"":""Service"",""name"":""Fertility Clinic Marketing"",""serviceType"":""Healthcare Marketing"",""provider"":{""@type"":""Organization"",""@id"":""/#organization"",""name"":""MedTech For Solutions"",""url"":""/"",""telephone"":""+1-866-634-9144""},""url"":""/services/management-services/marketing/"",""description"":""Data-driven patient acquisition campaigns, digital strategy, and marketing programs built specifically for fertility clinic growth.""} {""@context"":""https://schema.org"",""@type"":""BreadcrumbList"",""itemListElement"":[{""@type"":""ListItem"",""position"":1,""name"":""Home"",""item"":""/""},{""@type"":""ListItem"",""position"":2,""name"":""Management Services"",""item"":""/services/management-services/""},{""@type"":""ListItem"",""position"":3,""name"":""Marketing"",""item"":""/services/management-services/marketing/""}]}"
/services/management-services/call-center/,Call Center | MedTech For Solutions,"Dedicated call center solutions for fertility clinics. Professional patient scheduling, inquiry handling, and communication management by MedTech For Solutions.","{""@context"":""https://schema.org"",""@type"":""Service"",""name"":""Fertility Clinic Call Center & Patient Communication"",""serviceType"":""Call Center Services"",""provider"":{""@type"":""Organization"",""@id"":""/#organization"",""name"":""MedTech For Solutions"",""url"":""/"",""telephone"":""+1-866-634-9144""},""url"":""/services/management-services/call-center/"",""description"":""Dedicated call center solutions for fertility clinics: professional patient scheduling, empathetic inquiry handling, and communication management.""} {""@context"":""https://schema.org"",""@type"":""BreadcrumbList"",""itemListElement"":[{""@type"":""ListItem"",""position"":1,""name"":""Home"",""item"":""/""},{""@type"":""ListItem"",""position"":2,""name"":""Management Services"",""item"":""/services/management-services/""},{""@type"":""ListItem"",""position"":3,""name"":""Call Center"",""item"":""/services/management-services/call-center/""}]} {""@context"":""https://schema.org"",""@type"":""FAQPage"",""mainEntity"":[{""@type"":""Question"",""name"":""Are your call agents trained specifically for fertility patients?"",""acceptedAnswer"":{""@type"":""Answer"",""text"":""Yes. Every agent completes fertility-specific call training and protocols before taking a single call. They understand the emotional weight of reproductive medicine inquiries and handle each conversation with empathy, discretion, and clinical accuracy. Bilingual support is available.""}},{""@type"":""Question"",""name"":""Do you provide after-hours and overflow coverage?"",""acceptedAnswer"":{""@type"":""Answer"",""text"":""Yes. Coverage is available 24/7, including overflow support during your front desk&rsquo;s peak hours and full after-hours answering, so no patient call ever goes unanswered.""}},{""@type"":""Question"",""name"":""Can you work within our existing scheduling workflows?"",""acceptedAnswer"":{""@type"":""Answer"",""text"":""Yes. We build call protocols around your practice&rsquo;s scheduling systems and provider calendars, optimizing appointment slots, reducing no-shows, and matching each patient with the right specialist.""}},{""@type"":""Question"",""name"":""How is patient information protected?"",""acceptedAnswer"":{""@type"":""Answer"",""text"":""All communication is handled through HIPAA-aware processes covering phone, email, patient-portal, and text channels, with documented protocols for verification and secure information handling.""}}]}"
/services/management-services/accounting-finance/,Accounting & Finance | MedTech For Solutions,"Accounting and financial management services for fertility practices. Budgeting, forecasting, and financial oversight from MedTech For Solutions.","{""@context"":""https://schema.org"",""@type"":""Service"",""name"":""Accounting & Finance for Fertility Practices"",""serviceType"":""Healthcare Financial Management"",""provider"":{""@type"":""Organization"",""@id"":""/#organization"",""name"":""MedTech For Solutions"",""url"":""/"",""telephone"":""+1-866-634-9144""},""url"":""/services/management-services/accounting-finance/"",""description"":""Financial oversight, budgeting, revenue reporting, and forecasting services tailored for fertility practice financial management.""} {""@context"":""https://schema.org"",""@type"":""BreadcrumbList"",""itemListElement"":[{""@type"":""ListItem"",""position"":1,""name"":""Home"",""item"":""/""},{""@type"":""ListItem"",""position"":2,""name"":""Management Services"",""item"":""/services/management-services/""},{""@type"":""ListItem"",""position"":3,""name"":""Accounting & Finance"",""item"":""/services/management-services/accounting-finance/""}]}"
/services/management-services/human-resources/,Human Resources | MedTech For Solutions,"Human resources management for fertility clinics and IVF practices. Recruitment, compliance, performance management, and workforce development from MedTech For Solutions.","{""@context"":""https://schema.org"",""@type"":""Service"",""name"":""Human Resources for Fertility Practices"",""serviceType"":""Healthcare HR Services"",""provider"":{""@type"":""Organization"",""@id"":""/#organization"",""name"":""MedTech For Solutions"",""url"":""/"",""telephone"":""+1-866-634-9144""},""url"":""/services/management-services/human-resources/"",""description"":""Recruitment, onboarding, performance management, and HR compliance services to support fertility clinic workforce needs.""} {""@context"":""https://schema.org"",""@type"":""BreadcrumbList"",""itemListElement"":[{""@type"":""ListItem"",""position"":1,""name"":""Home"",""item"":""/""},{""@type"":""ListItem"",""position"":2,""name"":""Management Services"",""item"":""/services/management-services/""},{""@type"":""ListItem"",""position"":3,""name"":""Human Resources"",""item"":""/services/management-services/human-resources/""}]} {""@context"":""https://schema.org"",""@type"":""FAQPage"",""mainEntity"":[{""@type"":""Question"",""name"":""Which roles can you recruit for?"",""acceptedAnswer"":{""@type"":""Answer"",""text"":""Both clinical and administrative positions &mdash; embryologists, nurses, front-desk staff, practice managers, and more &mdash; using healthcare-specific job descriptions, credentialing, and background verification.""}},{""@type"":""Question"",""name"":""Do you handle healthcare compliance training?"",""acceptedAnswer"":{""@type"":""Answer"",""text"":""Yes. We deliver OSHA and HIPAA training programs, develop employee handbooks and policies, and monitor healthcare-specific employment regulations on an ongoing basis.""}},{""@type"":""Question"",""name"":""Can you support a small or growing practice?"",""acceptedAnswer"":{""@type"":""Answer"",""text"":""Yes. Our HR services scale to your practice&rsquo;s size and stage &mdash; from building your first handbook to managing the complete employee lifecycle across multiple locations.""}},{""@type"":""Question"",""name"":""What does your onboarding program include?"",""acceptedAnswer"":{""@type"":""Answer"",""text"":""Structured onboarding covers credentialing and background verification, regulatory training completion, benefits enrollment, and team-integration milestones that accelerate new-hire productivity.""}}]}"
/services/management-services/insurance-risk-management/,Insurance & Risk Management | MedTech For Solutions,Professional liability insurance and risk management for IVF and ART practices. Tailored coverage and compliance protection from MedTech For Solutions.,"{""@context"":""https://schema.org"",""@type"":""Service"",""name"":""Insurance & Risk Management for ART Practices"",""serviceType"":""Healthcare Risk Management"",""provider"":{""@type"":""Organization"",""@id"":""/#organization"",""name"":""MedTech For Solutions"",""url"":""/"",""telephone"":""+1-866-634-9144""},""url"":""/services/management-services/insurance-risk-management/"",""description"":""Professional liability insurance and risk management programs designed specifically for ART practices and IVF laboratories.""} {""@context"":""https://schema.org"",""@type"":""BreadcrumbList"",""itemListElement"":[{""@type"":""ListItem"",""position"":1,""name"":""Home"",""item"":""/""},{""@type"":""ListItem"",""position"":2,""name"":""Management Services"",""item"":""/services/management-services/""},{""@type"":""ListItem"",""position"":3,""name"":""Insurance & Risk Management"",""item"":""/services/management-services/insurance-risk-management/""}]}"
/contact/,Contact MedTech For Solutions | Schedule a Consultation,"Contact MedTech For Solutions to schedule a consultation. Reach our ART specialists at (866) 634-9144 or info@medtech4solutions.com. Located at 399 Knollwood Rd, White Plains, NY.","{""@context"":""https://schema.org"",""@type"":""ContactPage"",""name"":""Contact MedTech For Solutions"",""url"":""/contact/"",""mainEntity"":{""@type"":""LocalBusiness"",""@id"":""/#organization"",""name"":""MedTech For Solutions"",""description"":""Healthcare consulting firm specializing in IVF laboratory management, ART practice development, staffing, regulatory compliance, and group purchasing for fertility clinics."",""telephone"":""+1-866-634-9144"",""faxNumber"":""+1-866-482-5058"",""email"":""info@medtech4solutions.com"",""url"":""/"",""address"":{""@type"":""PostalAddress"",""streetAddress"":""399 Knollwood Road"",""addressLocality"":""White Plains"",""addressRegion"":""NY"",""postalCode"":""10603"",""addressCountry"":""US""},""geo"":{""@type"":""GeoCoordinates"",""latitude"":41.0534,""longitude"":-73.7629},""openingHoursSpecification"":{""@type"":""OpeningHoursSpecification"",""dayOfWeek"":[""Monday"",""Tuesday"",""Wednesday"",""Thursday"",""Friday""],""opens"":""08:30"",""closes"":""18:00""},""areaServed"":[{""@type"":""Country"",""name"":""United States""},{""@type"":""AdministrativeArea"",""name"":""International""}]}} {""@context"":""https://schema.org"",""@type"":""BreadcrumbList"",""itemListElement"":[{""@type"":""ListItem"",""position"":1,""name"":""Home"",""item"":""/""},{""@type"":""ListItem"",""position"":2,""name"":""Contact"",""item"":""/contact/""}]}"
/coming-soon/,New Website Coming Soon | MedTech For Solutions,"The new MedTech For Solutions website is launching soon — a faster, smarter home for IVF laboratory management, ART practice development, staffing, regulatory compliance, and GPO purchasing. Call (866) 634-9144.","{""@context"":""https://schema.org"",""@type"":""WebPage"",""name"":""New Website Coming Soon | MedTech For Solutions"",""description"":""The new MedTech For Solutions website is launching soon - a faster, smarter home for IVF laboratory management, ART practice development, staffing, regulatory compliance, and GPO purchasing."",""publisher"":{""@type"":""Organization"",""name"":""MedTech For Solutions"",""telephone"":""+1-866-634-9144"",""email"":""info@medtech4solutions.com""}}"
/privacy-policy/,Privacy Policy | MedTech For Solutions,"MedTech For Solutions Privacy Policy. How we collect, use, and protect personal and health information for our IVF laboratory management, ART practice development, staffing, GPO, and management services clients.","{""@context"":""https://schema.org"",""@type"":""BreadcrumbList"",""itemListElement"":[{""@type"":""ListItem"",""position"":1,""name"":""Home"",""item"":""/""},{""@type"":""ListItem"",""position"":2,""name"":""Privacy Policy"",""item"":""/privacy-policy/""}]}"
/terms-of-service/,Terms of Use | MedTech For Solutions,"MedTech For Solutions Terms of Use. The terms governing access to medtech4solutions.com and the company's IVF laboratory management, ART practice development, staffing, GPO, and management services.","{""@context"":""https://schema.org"",""@type"":""BreadcrumbList"",""itemListElement"":[{""@type"":""ListItem"",""position"":1,""name"":""Home"",""item"":""/""},{""@type"":""ListItem"",""position"":2,""name"":""Terms of Service"",""item"":""/terms-of-service/""}]}"
/sitemap/,Sitemap | MedTech For Solutions,"Sitemap for MedTech For Solutions — every page of the site: laboratory solutions, management services, company information, and legal policies.","{""@context"":""https://schema.org"",""@type"":""BreadcrumbList"",""itemListElement"":[{""@type"":""ListItem"",""position"":1,""name"":""Home"",""item"":""/""},{""@type"":""ListItem"",""position"":2,""name"":""Sitemap"",""item"":""/sitemap/""}]}"
