Level,Campaign,Callout Text
Campaign,EggCelle | PMax | Donor Recruit | Michigan,Generous Compensation
Campaign,EggCelle | PMax | Donor Recruit | Michigan,Free Medical Screening
Campaign,EggCelle | PMax | Donor Recruit | Michigan,Confidential Process
Campaign,EggCelle | PMax | Donor Recruit | Michigan,Dedicated Support Team
Campaign,EggCelle | PMax | Donor Recruit | Michigan,Apply Online in Minutes
Campaign,EggCelle | PMax | Donor Recruit | Michigan,Local Clinics
Campaign,EggCelle | PMax | Donor Recruit | Michigan,No Cost to Apply
Campaign,EggCelle | PMax | Donor Recruit | Michigan,Help Build Families
Campaign,EggCelle | PMax | Donor Recruit | Ohio,Generous Compensation
Campaign,EggCelle | PMax | Donor Recruit | Ohio,Free Medical Screening
Campaign,EggCelle | PMax | Donor Recruit | Ohio,Confidential Process
Campaign,EggCelle | PMax | Donor Recruit | Ohio,Dedicated Support Team
Campaign,EggCelle | PMax | Donor Recruit | Ohio,Apply Online in Minutes
Campaign,EggCelle | PMax | Donor Recruit | Ohio,Local Clinics
Campaign,EggCelle | PMax | Donor Recruit | Ohio,No Cost to Apply
Campaign,EggCelle | PMax | Donor Recruit | Ohio,Help Build Families
Campaign,EggCelle | PMax | Donor Recruit | North Carolina,Generous Compensation
Campaign,EggCelle | PMax | Donor Recruit | North Carolina,Free Medical Screening
Campaign,EggCelle | PMax | Donor Recruit | North Carolina,Confidential Process
Campaign,EggCelle | PMax | Donor Recruit | North Carolina,Dedicated Support Team
Campaign,EggCelle | PMax | Donor Recruit | North Carolina,Apply Online in Minutes
Campaign,EggCelle | PMax | Donor Recruit | North Carolina,Local Clinics
Campaign,EggCelle | PMax | Donor Recruit | North Carolina,No Cost to Apply
Campaign,EggCelle | PMax | Donor Recruit | North Carolina,Help Build Families
