Level,Campaign,Header,Value
Campaign,EggCelle | PMax | Donor Recruit | Michigan,Service catalog,Egg Donation
Campaign,EggCelle | PMax | Donor Recruit | Michigan,Service catalog,Donor Compensation
Campaign,EggCelle | PMax | Donor Recruit | Michigan,Service catalog,Medical Screening
Campaign,EggCelle | PMax | Donor Recruit | Michigan,Service catalog,Eligibility Check
Campaign,EggCelle | PMax | Donor Recruit | Michigan,Service catalog,Application Support
Campaign,EggCelle | PMax | Donor Recruit | Ohio,Service catalog,Egg Donation
Campaign,EggCelle | PMax | Donor Recruit | Ohio,Service catalog,Donor Compensation
Campaign,EggCelle | PMax | Donor Recruit | Ohio,Service catalog,Medical Screening
Campaign,EggCelle | PMax | Donor Recruit | Ohio,Service catalog,Eligibility Check
Campaign,EggCelle | PMax | Donor Recruit | Ohio,Service catalog,Application Support
Campaign,EggCelle | PMax | Donor Recruit | North Carolina,Service catalog,Egg Donation
Campaign,EggCelle | PMax | Donor Recruit | North Carolina,Service catalog,Donor Compensation
Campaign,EggCelle | PMax | Donor Recruit | North Carolina,Service catalog,Medical Screening
Campaign,EggCelle | PMax | Donor Recruit | North Carolina,Service catalog,Eligibility Check
Campaign,EggCelle | PMax | Donor Recruit | North Carolina,Service catalog,Application Support
