Campaign,Ad Group,Keyword,Match Type,Status
EggCelle | Donor Recruit | Michigan,Become a Donor,become an egg donor Michigan,Phrase,Enabled
EggCelle | Donor Recruit | Michigan,Become a Donor,become an egg donor Michigan,Exact,Enabled
EggCelle | Donor Recruit | Michigan,Become a Donor,how to become an egg donor Michigan,Phrase,Enabled
EggCelle | Donor Recruit | Michigan,Become a Donor,become an egg donor near me,Phrase,Enabled
EggCelle | Donor Recruit | Michigan,Become a Donor,how to be an egg donor,Phrase,Enabled
EggCelle | Donor Recruit | Michigan,Become a Donor,become an egg donor Detroit,Phrase,Enabled
EggCelle | Donor Recruit | Michigan,Become a Donor,become an egg donor Ann Arbor,Phrase,Enabled
EggCelle | Donor Recruit | Michigan,Become a Donor,become an egg donor Grand Rapids,Phrase,Enabled
EggCelle | Donor Recruit | Michigan,Become a Donor,become an egg donor Troy,Phrase,Enabled
EggCelle | Donor Recruit | Michigan,Local Egg Donation,egg donation Michigan,Exact,Enabled
EggCelle | Donor Recruit | Michigan,Local Egg Donation,egg donation Michigan,Phrase,Enabled
EggCelle | Donor Recruit | Michigan,Local Egg Donation,egg donation near me,Phrase,Enabled
EggCelle | Donor Recruit | Michigan,Local Egg Donation,egg donation centers Michigan,Phrase,Enabled
EggCelle | Donor Recruit | Michigan,Local Egg Donation,egg donation clinics near me,Phrase,Enabled
EggCelle | Donor Recruit | Michigan,Local Egg Donation,egg donation Detroit,Phrase,Enabled
EggCelle | Donor Recruit | Michigan,Local Egg Donation,egg donation Ann Arbor,Phrase,Enabled
EggCelle | Donor Recruit | Michigan,Local Egg Donation,egg donation Grand Rapids,Phrase,Enabled
EggCelle | Donor Recruit | Michigan,Local Egg Donation,egg donation Troy,Phrase,Enabled
EggCelle | Donor Recruit | Michigan,Compensation & Pay,egg donor compensation,Exact,Enabled
EggCelle | Donor Recruit | Michigan,Compensation & Pay,egg donor compensation Michigan,Phrase,Enabled
EggCelle | Donor Recruit | Michigan,Compensation & Pay,egg donor pay,Exact,Enabled
EggCelle | Donor Recruit | Michigan,Compensation & Pay,egg donor pay Michigan,Phrase,Enabled
EggCelle | Donor Recruit | Michigan,Compensation & Pay,how much do egg donors get paid,Phrase,Enabled
EggCelle | Donor Recruit | Michigan,Compensation & Pay,how much do egg donors get paid in Michigan,Phrase,Enabled
EggCelle | Donor Recruit | Michigan,Compensation & Pay,paid egg donor Michigan,Phrase,Enabled
EggCelle | Donor Recruit | Michigan,Get Paid to Donate,get paid to donate eggs,Phrase,Enabled
EggCelle | Donor Recruit | Michigan,Get Paid to Donate,donate eggs for money,Exact,Enabled
EggCelle | Donor Recruit | Michigan,Get Paid to Donate,donate eggs for money,Phrase,Enabled
EggCelle | Donor Recruit | Michigan,Get Paid to Donate,get paid to donate eggs Michigan,Phrase,Enabled
EggCelle | Donor Recruit | Michigan,Get Paid to Donate,donate eggs for money near me,Phrase,Enabled
EggCelle | Donor Recruit | Michigan,Get Paid to Donate,sell my eggs Michigan,Phrase,Enabled
EggCelle | Donor Recruit | Michigan,Requirements & Eligibility,egg donor requirements,Exact,Enabled
EggCelle | Donor Recruit | Michigan,Requirements & Eligibility,egg donor requirements Michigan,Phrase,Enabled
EggCelle | Donor Recruit | Michigan,Requirements & Eligibility,egg donor qualifications Michigan,Phrase,Enabled
EggCelle | Donor Recruit | Michigan,Requirements & Eligibility,egg donor eligibility Michigan,Phrase,Enabled
EggCelle | Donor Recruit | Michigan,Requirements & Eligibility,do i qualify to donate eggs,Phrase,Enabled
EggCelle | Donor Recruit | Michigan,Requirements & Eligibility,egg donor age requirements,Phrase,Enabled
EggCelle | Donor Recruit | Michigan,Requirements & Eligibility,criteria to donate eggs,Phrase,Enabled
EggCelle | Donor Recruit | Michigan,Donation Process,egg donation process Michigan,Phrase,Enabled
EggCelle | Donor Recruit | Michigan,Donation Process,how does egg donation work,Phrase,Enabled
EggCelle | Donor Recruit | Michigan,Donation Process,what is egg donation,Phrase,Enabled
EggCelle | Donor Recruit | Michigan,Donation Process,egg donation process,Phrase,Enabled
EggCelle | Donor Recruit | Michigan,Donation Process,egg donation timeline,Phrase,Enabled
EggCelle | Donor Recruit | Michigan,Agency & Program,egg donor agency Michigan,Phrase,Enabled
EggCelle | Donor Recruit | Michigan,Agency & Program,egg donor program Michigan,Phrase,Enabled
EggCelle | Donor Recruit | Michigan,Agency & Program,egg donation program Michigan,Phrase,Enabled
EggCelle | Donor Recruit | Michigan,Agency & Program,egg donor agency near me,Phrase,Enabled
EggCelle | Donor Recruit | Michigan,Agency & Program,egg donor program near me,Phrase,Enabled
EggCelle | Donor Recruit | Ohio,Become a Donor,become an egg donor Ohio,Phrase,Enabled
EggCelle | Donor Recruit | Ohio,Become a Donor,become an egg donor Ohio,Exact,Enabled
EggCelle | Donor Recruit | Ohio,Become a Donor,how to become an egg donor Ohio,Phrase,Enabled
EggCelle | Donor Recruit | Ohio,Become a Donor,become an egg donor near me,Phrase,Enabled
EggCelle | Donor Recruit | Ohio,Become a Donor,how to be an egg donor,Phrase,Enabled
EggCelle | Donor Recruit | Ohio,Become a Donor,become an egg donor Columbus,Phrase,Enabled
EggCelle | Donor Recruit | Ohio,Become a Donor,become an egg donor Cincinnati,Phrase,Enabled
EggCelle | Donor Recruit | Ohio,Become a Donor,become an egg donor Cleveland,Phrase,Enabled
EggCelle | Donor Recruit | Ohio,Become a Donor,become an egg donor Dayton,Phrase,Enabled
EggCelle | Donor Recruit | Ohio,Local Egg Donation,egg donation Ohio,Exact,Enabled
EggCelle | Donor Recruit | Ohio,Local Egg Donation,egg donation Ohio,Phrase,Enabled
EggCelle | Donor Recruit | Ohio,Local Egg Donation,egg donation near me,Phrase,Enabled
EggCelle | Donor Recruit | Ohio,Local Egg Donation,egg donation centers Ohio,Phrase,Enabled
EggCelle | Donor Recruit | Ohio,Local Egg Donation,egg donation clinics near me,Phrase,Enabled
EggCelle | Donor Recruit | Ohio,Local Egg Donation,egg donation Columbus,Phrase,Enabled
EggCelle | Donor Recruit | Ohio,Local Egg Donation,egg donation Cincinnati,Phrase,Enabled
EggCelle | Donor Recruit | Ohio,Local Egg Donation,egg donation Cleveland,Phrase,Enabled
EggCelle | Donor Recruit | Ohio,Local Egg Donation,egg donation Dayton,Phrase,Enabled
EggCelle | Donor Recruit | Ohio,Compensation & Pay,egg donor compensation,Exact,Enabled
EggCelle | Donor Recruit | Ohio,Compensation & Pay,egg donor compensation Ohio,Phrase,Enabled
EggCelle | Donor Recruit | Ohio,Compensation & Pay,egg donor pay,Exact,Enabled
EggCelle | Donor Recruit | Ohio,Compensation & Pay,egg donor pay Ohio,Phrase,Enabled
EggCelle | Donor Recruit | Ohio,Compensation & Pay,how much do egg donors get paid,Phrase,Enabled
EggCelle | Donor Recruit | Ohio,Compensation & Pay,how much do egg donors get paid in Ohio,Phrase,Enabled
EggCelle | Donor Recruit | Ohio,Compensation & Pay,paid egg donor Ohio,Phrase,Enabled
EggCelle | Donor Recruit | Ohio,Get Paid to Donate,get paid to donate eggs,Phrase,Enabled
EggCelle | Donor Recruit | Ohio,Get Paid to Donate,donate eggs for money,Exact,Enabled
EggCelle | Donor Recruit | Ohio,Get Paid to Donate,donate eggs for money,Phrase,Enabled
EggCelle | Donor Recruit | Ohio,Get Paid to Donate,get paid to donate eggs Ohio,Phrase,Enabled
EggCelle | Donor Recruit | Ohio,Get Paid to Donate,donate eggs for money near me,Phrase,Enabled
EggCelle | Donor Recruit | Ohio,Get Paid to Donate,sell my eggs Ohio,Phrase,Enabled
EggCelle | Donor Recruit | Ohio,Requirements & Eligibility,egg donor requirements,Exact,Enabled
EggCelle | Donor Recruit | Ohio,Requirements & Eligibility,egg donor requirements Ohio,Phrase,Enabled
EggCelle | Donor Recruit | Ohio,Requirements & Eligibility,egg donor qualifications Ohio,Phrase,Enabled
EggCelle | Donor Recruit | Ohio,Requirements & Eligibility,egg donor eligibility Ohio,Phrase,Enabled
EggCelle | Donor Recruit | Ohio,Requirements & Eligibility,do i qualify to donate eggs,Phrase,Enabled
EggCelle | Donor Recruit | Ohio,Requirements & Eligibility,egg donor age requirements,Phrase,Enabled
EggCelle | Donor Recruit | Ohio,Requirements & Eligibility,criteria to donate eggs,Phrase,Enabled
EggCelle | Donor Recruit | Ohio,Donation Process,egg donation process Ohio,Phrase,Enabled
EggCelle | Donor Recruit | Ohio,Donation Process,how does egg donation work,Phrase,Enabled
EggCelle | Donor Recruit | Ohio,Donation Process,what is egg donation,Phrase,Enabled
EggCelle | Donor Recruit | Ohio,Donation Process,egg donation process,Phrase,Enabled
EggCelle | Donor Recruit | Ohio,Donation Process,egg donation timeline,Phrase,Enabled
EggCelle | Donor Recruit | Ohio,Agency & Program,egg donor agency Ohio,Phrase,Enabled
EggCelle | Donor Recruit | Ohio,Agency & Program,egg donor program Ohio,Phrase,Enabled
EggCelle | Donor Recruit | Ohio,Agency & Program,egg donation program Ohio,Phrase,Enabled
EggCelle | Donor Recruit | Ohio,Agency & Program,egg donor agency near me,Phrase,Enabled
EggCelle | Donor Recruit | Ohio,Agency & Program,egg donor program near me,Phrase,Enabled
EggCelle | Donor Recruit | North Carolina,Become a Donor,become an egg donor North Carolina,Phrase,Enabled
EggCelle | Donor Recruit | North Carolina,Become a Donor,become an egg donor North Carolina,Exact,Enabled
EggCelle | Donor Recruit | North Carolina,Become a Donor,how to become an egg donor North Carolina,Phrase,Enabled
EggCelle | Donor Recruit | North Carolina,Become a Donor,become an egg donor near me,Phrase,Enabled
EggCelle | Donor Recruit | North Carolina,Become a Donor,how to be an egg donor,Phrase,Enabled
EggCelle | Donor Recruit | North Carolina,Become a Donor,become an egg donor Charlotte,Phrase,Enabled
EggCelle | Donor Recruit | North Carolina,Become a Donor,become an egg donor Raleigh,Phrase,Enabled
EggCelle | Donor Recruit | North Carolina,Become a Donor,become an egg donor Durham,Phrase,Enabled
EggCelle | Donor Recruit | North Carolina,Become a Donor,become an egg donor Greensboro,Phrase,Enabled
EggCelle | Donor Recruit | North Carolina,Local Egg Donation,egg donation North Carolina,Exact,Enabled
EggCelle | Donor Recruit | North Carolina,Local Egg Donation,egg donation North Carolina,Phrase,Enabled
EggCelle | Donor Recruit | North Carolina,Local Egg Donation,egg donation near me,Phrase,Enabled
EggCelle | Donor Recruit | North Carolina,Local Egg Donation,egg donation centers North Carolina,Phrase,Enabled
EggCelle | Donor Recruit | North Carolina,Local Egg Donation,egg donation clinics near me,Phrase,Enabled
EggCelle | Donor Recruit | North Carolina,Local Egg Donation,egg donation Charlotte,Phrase,Enabled
EggCelle | Donor Recruit | North Carolina,Local Egg Donation,egg donation Raleigh,Phrase,Enabled
EggCelle | Donor Recruit | North Carolina,Local Egg Donation,egg donation Durham,Phrase,Enabled
EggCelle | Donor Recruit | North Carolina,Local Egg Donation,egg donation Greensboro,Phrase,Enabled
EggCelle | Donor Recruit | North Carolina,Compensation & Pay,egg donor compensation,Exact,Enabled
EggCelle | Donor Recruit | North Carolina,Compensation & Pay,egg donor compensation North Carolina,Phrase,Enabled
EggCelle | Donor Recruit | North Carolina,Compensation & Pay,egg donor pay,Exact,Enabled
EggCelle | Donor Recruit | North Carolina,Compensation & Pay,egg donor pay North Carolina,Phrase,Enabled
EggCelle | Donor Recruit | North Carolina,Compensation & Pay,how much do egg donors get paid,Phrase,Enabled
EggCelle | Donor Recruit | North Carolina,Compensation & Pay,how much do egg donors get paid in North Carolina,Phrase,Enabled
EggCelle | Donor Recruit | North Carolina,Compensation & Pay,paid egg donor North Carolina,Phrase,Enabled
EggCelle | Donor Recruit | North Carolina,Get Paid to Donate,get paid to donate eggs,Phrase,Enabled
EggCelle | Donor Recruit | North Carolina,Get Paid to Donate,donate eggs for money,Exact,Enabled
EggCelle | Donor Recruit | North Carolina,Get Paid to Donate,donate eggs for money,Phrase,Enabled
EggCelle | Donor Recruit | North Carolina,Get Paid to Donate,get paid to donate eggs North Carolina,Phrase,Enabled
EggCelle | Donor Recruit | North Carolina,Get Paid to Donate,donate eggs for money near me,Phrase,Enabled
EggCelle | Donor Recruit | North Carolina,Get Paid to Donate,sell my eggs North Carolina,Phrase,Enabled
EggCelle | Donor Recruit | North Carolina,Requirements & Eligibility,egg donor requirements,Exact,Enabled
EggCelle | Donor Recruit | North Carolina,Requirements & Eligibility,egg donor requirements North Carolina,Phrase,Enabled
EggCelle | Donor Recruit | North Carolina,Requirements & Eligibility,egg donor qualifications North Carolina,Phrase,Enabled
EggCelle | Donor Recruit | North Carolina,Requirements & Eligibility,egg donor eligibility North Carolina,Phrase,Enabled
EggCelle | Donor Recruit | North Carolina,Requirements & Eligibility,do i qualify to donate eggs,Phrase,Enabled
EggCelle | Donor Recruit | North Carolina,Requirements & Eligibility,egg donor age requirements,Phrase,Enabled
EggCelle | Donor Recruit | North Carolina,Requirements & Eligibility,criteria to donate eggs,Phrase,Enabled
EggCelle | Donor Recruit | North Carolina,Donation Process,egg donation process North Carolina,Phrase,Enabled
EggCelle | Donor Recruit | North Carolina,Donation Process,how does egg donation work,Phrase,Enabled
EggCelle | Donor Recruit | North Carolina,Donation Process,what is egg donation,Phrase,Enabled
EggCelle | Donor Recruit | North Carolina,Donation Process,egg donation process,Phrase,Enabled
EggCelle | Donor Recruit | North Carolina,Donation Process,egg donation timeline,Phrase,Enabled
EggCelle | Donor Recruit | North Carolina,Agency & Program,egg donor agency North Carolina,Phrase,Enabled
EggCelle | Donor Recruit | North Carolina,Agency & Program,egg donor program North Carolina,Phrase,Enabled
EggCelle | Donor Recruit | North Carolina,Agency & Program,egg donation program North Carolina,Phrase,Enabled
EggCelle | Donor Recruit | North Carolina,Agency & Program,egg donor agency near me,Phrase,Enabled
EggCelle | Donor Recruit | North Carolina,Agency & Program,egg donor program near me,Phrase,Enabled
EggCelle | Brand,Brand Core,eggcelle,Exact,Enabled
EggCelle | Brand,Brand Core,eggcelle,Phrase,Enabled
EggCelle | Brand,Brand Core,egg celle,Phrase,Enabled
EggCelle | Brand,Brand Core,eggcelle egg donor,Phrase,Enabled
EggCelle | Brand,Brand Core,eggcelle donor,Phrase,Enabled
EggCelle | Brand,Brand Core,eggcelle application,Phrase,Enabled
EggCelle | Brand,Brand Core,eggcelle egg donation,Phrase,Enabled
