Campaign,Keyword,Match Type,Category
EggCelle | Donor Recruit | Michigan,egg bank,Phrase,Core
EggCelle | Donor Recruit | Michigan,egg banks,Phrase,Core
EggCelle | Donor Recruit | Michigan,donor egg,Phrase,Core
EggCelle | Donor Recruit | Michigan,donor eggs,Phrase,Core
EggCelle | Donor Recruit | Michigan,buy donor eggs,Phrase,Core
EggCelle | Donor Recruit | Michigan,buy eggs,Phrase,Core
EggCelle | Donor Recruit | Michigan,where to buy eggs,Phrase,Core
EggCelle | Donor Recruit | Michigan,donor egg cost,Phrase,Core
EggCelle | Donor Recruit | Michigan,donor egg costs,Phrase,Core
EggCelle | Donor Recruit | Michigan,donor egg price,Phrase,Core
EggCelle | Donor Recruit | Michigan,donor egg prices,Phrase,Core
EggCelle | Donor Recruit | Michigan,cost of donor eggs,Phrase,Core
EggCelle | Donor Recruit | Michigan,price of donor eggs,Phrase,Core
EggCelle | Donor Recruit | Michigan,egg donor cost,Phrase,Core
EggCelle | Donor Recruit | Michigan,egg donor prices,Phrase,Core
EggCelle | Donor Recruit | Michigan,donor egg ivf,Phrase,Core
EggCelle | Donor Recruit | Michigan,ivf with donor eggs,Phrase,Core
EggCelle | Donor Recruit | Michigan,using donor eggs,Phrase,Core
EggCelle | Donor Recruit | Michigan,find an egg donor,Phrase,Core
EggCelle | Donor Recruit | Michigan,choose an egg donor,Phrase,Core
EggCelle | Donor Recruit | Michigan,egg donor database,Phrase,Core
EggCelle | Donor Recruit | Michigan,egg donor catalog,Phrase,Core
EggCelle | Donor Recruit | Michigan,intended parent,Phrase,Core
EggCelle | Donor Recruit | Michigan,intended parents,Phrase,Core
EggCelle | Donor Recruit | Michigan,frozen donor eggs,Phrase,Core
EggCelle | Donor Recruit | Michigan,egg freezing,Phrase,Core
EggCelle | Donor Recruit | Michigan,freeze my eggs,Phrase,Core
EggCelle | Donor Recruit | Michigan,freeze eggs,Phrase,Core
EggCelle | Donor Recruit | Michigan,egg freezing cost,Phrase,Core
EggCelle | Donor Recruit | Michigan,freezing eggs,Phrase,Core
EggCelle | Donor Recruit | Michigan,blood donation,Phrase,Core
EggCelle | Donor Recruit | Michigan,blood,Phrase,Core
EggCelle | Donor Recruit | Michigan,plasma,Phrase,Core
EggCelle | Donor Recruit | Michigan,plasma donation,Phrase,Core
EggCelle | Donor Recruit | Michigan,donate plasma,Phrase,Core
EggCelle | Donor Recruit | Michigan,sperm,Phrase,Core
EggCelle | Donor Recruit | Michigan,sperm donation,Phrase,Core
EggCelle | Donor Recruit | Michigan,sperm donor,Phrase,Core
EggCelle | Donor Recruit | Michigan,donate sperm,Phrase,Core
EggCelle | Donor Recruit | Michigan,adoption,Phrase,Core
EggCelle | Donor Recruit | Michigan,adopt,Phrase,Core
EggCelle | Donor Recruit | Michigan,foster,Phrase,Core
EggCelle | Donor Recruit | Michigan,surrogate,Phrase,Core
EggCelle | Donor Recruit | Michigan,surrogacy,Phrase,Core
EggCelle | Donor Recruit | Michigan,become a surrogate,Phrase,Core
EggCelle | Donor Recruit | Michigan,embryo donation,Phrase,Core
EggCelle | Donor Recruit | Michigan,embryo adoption,Phrase,Core
EggCelle | Donor Recruit | Michigan,organ donation,Phrase,Core
EggCelle | Donor Recruit | Michigan,kidney donation,Phrase,Core
EggCelle | Donor Recruit | Michigan,bone marrow,Phrase,Core
EggCelle | Donor Recruit | Michigan,hair donation,Phrase,Core
EggCelle | Donor Recruit | Michigan,food bank,Phrase,Core
EggCelle | Donor Recruit | Michigan,egg recipe,Phrase,Core
EggCelle | Donor Recruit | Michigan,egg recipes,Phrase,Core
EggCelle | Donor Recruit | Michigan,recipe,Phrase,Core
EggCelle | Donor Recruit | Michigan,chicken eggs,Phrase,Core
EggCelle | Donor Recruit | Michigan,bird nest,Phrase,Core
EggCelle | Donor Recruit | Michigan,bald eagle,Phrase,Core
EggCelle | Donor Recruit | Michigan,easter egg,Phrase,Core
EggCelle | Donor Recruit | Michigan,egg prices,Phrase,Core
EggCelle | Donor Recruit | Michigan,price of eggs,Phrase,Core
EggCelle | Donor Recruit | Michigan,dozen eggs,Phrase,Core
EggCelle | Donor Recruit | Michigan,egg shortage,Phrase,Core
EggCelle | Donor Recruit | Michigan,jobs,Phrase,Core
EggCelle | Donor Recruit | Michigan,job,Phrase,Core
EggCelle | Donor Recruit | Michigan,salary,Phrase,Core
EggCelle | Donor Recruit | Michigan,career,Phrase,Core
EggCelle | Donor Recruit | Michigan,cheap,Phrase,Core
EggCelle | Donor Recruit | Michigan,free,Phrase,Core
EggCelle | Donor Recruit | Michigan,over 35,Phrase,Core
EggCelle | Donor Recruit | Michigan,over 40,Phrase,Core
EggCelle | Donor Recruit | Michigan,age limit,Phrase,Core
EggCelle | Donor Recruit | Michigan,menopause,Phrase,Core
EggCelle | Donor Recruit | Michigan,shady grove,Phrase,Competitor (REVIEW)
EggCelle | Donor Recruit | Michigan,shady grove fertility,Phrase,Competitor (REVIEW)
EggCelle | Donor Recruit | Michigan,fairfax egg bank,Phrase,Competitor (REVIEW)
EggCelle | Donor Recruit | Michigan,fairfax eggbank,Phrase,Competitor (REVIEW)
EggCelle | Donor Recruit | Michigan,cofertility,Phrase,Competitor (REVIEW)
EggCelle | Donor Recruit | Michigan,freeze and share,Phrase,Competitor (REVIEW)
EggCelle | Donor Recruit | Michigan,bundl fertility,Phrase,Competitor (REVIEW)
EggCelle | Donor Recruit | Michigan,circle egg donation,Phrase,Competitor (REVIEW)
EggCelle | Donor Recruit | Michigan,egg donor america,Phrase,Competitor (REVIEW)
EggCelle | Donor Recruit | Michigan,world egg and sperm bank,Phrase,Competitor (REVIEW)
EggCelle | Donor Recruit | Ohio,egg bank,Phrase,Core
EggCelle | Donor Recruit | Ohio,egg banks,Phrase,Core
EggCelle | Donor Recruit | Ohio,donor egg,Phrase,Core
EggCelle | Donor Recruit | Ohio,donor eggs,Phrase,Core
EggCelle | Donor Recruit | Ohio,buy donor eggs,Phrase,Core
EggCelle | Donor Recruit | Ohio,buy eggs,Phrase,Core
EggCelle | Donor Recruit | Ohio,where to buy eggs,Phrase,Core
EggCelle | Donor Recruit | Ohio,donor egg cost,Phrase,Core
EggCelle | Donor Recruit | Ohio,donor egg costs,Phrase,Core
EggCelle | Donor Recruit | Ohio,donor egg price,Phrase,Core
EggCelle | Donor Recruit | Ohio,donor egg prices,Phrase,Core
EggCelle | Donor Recruit | Ohio,cost of donor eggs,Phrase,Core
EggCelle | Donor Recruit | Ohio,price of donor eggs,Phrase,Core
EggCelle | Donor Recruit | Ohio,egg donor cost,Phrase,Core
EggCelle | Donor Recruit | Ohio,egg donor prices,Phrase,Core
EggCelle | Donor Recruit | Ohio,donor egg ivf,Phrase,Core
EggCelle | Donor Recruit | Ohio,ivf with donor eggs,Phrase,Core
EggCelle | Donor Recruit | Ohio,using donor eggs,Phrase,Core
EggCelle | Donor Recruit | Ohio,find an egg donor,Phrase,Core
EggCelle | Donor Recruit | Ohio,choose an egg donor,Phrase,Core
EggCelle | Donor Recruit | Ohio,egg donor database,Phrase,Core
EggCelle | Donor Recruit | Ohio,egg donor catalog,Phrase,Core
EggCelle | Donor Recruit | Ohio,intended parent,Phrase,Core
EggCelle | Donor Recruit | Ohio,intended parents,Phrase,Core
EggCelle | Donor Recruit | Ohio,frozen donor eggs,Phrase,Core
EggCelle | Donor Recruit | Ohio,egg freezing,Phrase,Core
EggCelle | Donor Recruit | Ohio,freeze my eggs,Phrase,Core
EggCelle | Donor Recruit | Ohio,freeze eggs,Phrase,Core
EggCelle | Donor Recruit | Ohio,egg freezing cost,Phrase,Core
EggCelle | Donor Recruit | Ohio,freezing eggs,Phrase,Core
EggCelle | Donor Recruit | Ohio,blood donation,Phrase,Core
EggCelle | Donor Recruit | Ohio,blood,Phrase,Core
EggCelle | Donor Recruit | Ohio,plasma,Phrase,Core
EggCelle | Donor Recruit | Ohio,plasma donation,Phrase,Core
EggCelle | Donor Recruit | Ohio,donate plasma,Phrase,Core
EggCelle | Donor Recruit | Ohio,sperm,Phrase,Core
EggCelle | Donor Recruit | Ohio,sperm donation,Phrase,Core
EggCelle | Donor Recruit | Ohio,sperm donor,Phrase,Core
EggCelle | Donor Recruit | Ohio,donate sperm,Phrase,Core
EggCelle | Donor Recruit | Ohio,adoption,Phrase,Core
EggCelle | Donor Recruit | Ohio,adopt,Phrase,Core
EggCelle | Donor Recruit | Ohio,foster,Phrase,Core
EggCelle | Donor Recruit | Ohio,surrogate,Phrase,Core
EggCelle | Donor Recruit | Ohio,surrogacy,Phrase,Core
EggCelle | Donor Recruit | Ohio,become a surrogate,Phrase,Core
EggCelle | Donor Recruit | Ohio,embryo donation,Phrase,Core
EggCelle | Donor Recruit | Ohio,embryo adoption,Phrase,Core
EggCelle | Donor Recruit | Ohio,organ donation,Phrase,Core
EggCelle | Donor Recruit | Ohio,kidney donation,Phrase,Core
EggCelle | Donor Recruit | Ohio,bone marrow,Phrase,Core
EggCelle | Donor Recruit | Ohio,hair donation,Phrase,Core
EggCelle | Donor Recruit | Ohio,food bank,Phrase,Core
EggCelle | Donor Recruit | Ohio,egg recipe,Phrase,Core
EggCelle | Donor Recruit | Ohio,egg recipes,Phrase,Core
EggCelle | Donor Recruit | Ohio,recipe,Phrase,Core
EggCelle | Donor Recruit | Ohio,chicken eggs,Phrase,Core
EggCelle | Donor Recruit | Ohio,bird nest,Phrase,Core
EggCelle | Donor Recruit | Ohio,bald eagle,Phrase,Core
EggCelle | Donor Recruit | Ohio,easter egg,Phrase,Core
EggCelle | Donor Recruit | Ohio,egg prices,Phrase,Core
EggCelle | Donor Recruit | Ohio,price of eggs,Phrase,Core
EggCelle | Donor Recruit | Ohio,dozen eggs,Phrase,Core
EggCelle | Donor Recruit | Ohio,egg shortage,Phrase,Core
EggCelle | Donor Recruit | Ohio,jobs,Phrase,Core
EggCelle | Donor Recruit | Ohio,job,Phrase,Core
EggCelle | Donor Recruit | Ohio,salary,Phrase,Core
EggCelle | Donor Recruit | Ohio,career,Phrase,Core
EggCelle | Donor Recruit | Ohio,cheap,Phrase,Core
EggCelle | Donor Recruit | Ohio,free,Phrase,Core
EggCelle | Donor Recruit | Ohio,over 35,Phrase,Core
EggCelle | Donor Recruit | Ohio,over 40,Phrase,Core
EggCelle | Donor Recruit | Ohio,age limit,Phrase,Core
EggCelle | Donor Recruit | Ohio,menopause,Phrase,Core
EggCelle | Donor Recruit | Ohio,shady grove,Phrase,Competitor (REVIEW)
EggCelle | Donor Recruit | Ohio,shady grove fertility,Phrase,Competitor (REVIEW)
EggCelle | Donor Recruit | Ohio,fairfax egg bank,Phrase,Competitor (REVIEW)
EggCelle | Donor Recruit | Ohio,fairfax eggbank,Phrase,Competitor (REVIEW)
EggCelle | Donor Recruit | Ohio,cofertility,Phrase,Competitor (REVIEW)
EggCelle | Donor Recruit | Ohio,freeze and share,Phrase,Competitor (REVIEW)
EggCelle | Donor Recruit | Ohio,bundl fertility,Phrase,Competitor (REVIEW)
EggCelle | Donor Recruit | Ohio,circle egg donation,Phrase,Competitor (REVIEW)
EggCelle | Donor Recruit | Ohio,egg donor america,Phrase,Competitor (REVIEW)
EggCelle | Donor Recruit | Ohio,world egg and sperm bank,Phrase,Competitor (REVIEW)
EggCelle | Donor Recruit | North Carolina,egg bank,Phrase,Core
EggCelle | Donor Recruit | North Carolina,egg banks,Phrase,Core
EggCelle | Donor Recruit | North Carolina,donor egg,Phrase,Core
EggCelle | Donor Recruit | North Carolina,donor eggs,Phrase,Core
EggCelle | Donor Recruit | North Carolina,buy donor eggs,Phrase,Core
EggCelle | Donor Recruit | North Carolina,buy eggs,Phrase,Core
EggCelle | Donor Recruit | North Carolina,where to buy eggs,Phrase,Core
EggCelle | Donor Recruit | North Carolina,donor egg cost,Phrase,Core
EggCelle | Donor Recruit | North Carolina,donor egg costs,Phrase,Core
EggCelle | Donor Recruit | North Carolina,donor egg price,Phrase,Core
EggCelle | Donor Recruit | North Carolina,donor egg prices,Phrase,Core
EggCelle | Donor Recruit | North Carolina,cost of donor eggs,Phrase,Core
EggCelle | Donor Recruit | North Carolina,price of donor eggs,Phrase,Core
EggCelle | Donor Recruit | North Carolina,egg donor cost,Phrase,Core
EggCelle | Donor Recruit | North Carolina,egg donor prices,Phrase,Core
EggCelle | Donor Recruit | North Carolina,donor egg ivf,Phrase,Core
EggCelle | Donor Recruit | North Carolina,ivf with donor eggs,Phrase,Core
EggCelle | Donor Recruit | North Carolina,using donor eggs,Phrase,Core
EggCelle | Donor Recruit | North Carolina,find an egg donor,Phrase,Core
EggCelle | Donor Recruit | North Carolina,choose an egg donor,Phrase,Core
EggCelle | Donor Recruit | North Carolina,egg donor database,Phrase,Core
EggCelle | Donor Recruit | North Carolina,egg donor catalog,Phrase,Core
EggCelle | Donor Recruit | North Carolina,intended parent,Phrase,Core
EggCelle | Donor Recruit | North Carolina,intended parents,Phrase,Core
EggCelle | Donor Recruit | North Carolina,frozen donor eggs,Phrase,Core
EggCelle | Donor Recruit | North Carolina,egg freezing,Phrase,Core
EggCelle | Donor Recruit | North Carolina,freeze my eggs,Phrase,Core
EggCelle | Donor Recruit | North Carolina,freeze eggs,Phrase,Core
EggCelle | Donor Recruit | North Carolina,egg freezing cost,Phrase,Core
EggCelle | Donor Recruit | North Carolina,freezing eggs,Phrase,Core
EggCelle | Donor Recruit | North Carolina,blood donation,Phrase,Core
EggCelle | Donor Recruit | North Carolina,blood,Phrase,Core
EggCelle | Donor Recruit | North Carolina,plasma,Phrase,Core
EggCelle | Donor Recruit | North Carolina,plasma donation,Phrase,Core
EggCelle | Donor Recruit | North Carolina,donate plasma,Phrase,Core
EggCelle | Donor Recruit | North Carolina,sperm,Phrase,Core
EggCelle | Donor Recruit | North Carolina,sperm donation,Phrase,Core
EggCelle | Donor Recruit | North Carolina,sperm donor,Phrase,Core
EggCelle | Donor Recruit | North Carolina,donate sperm,Phrase,Core
EggCelle | Donor Recruit | North Carolina,adoption,Phrase,Core
EggCelle | Donor Recruit | North Carolina,adopt,Phrase,Core
EggCelle | Donor Recruit | North Carolina,foster,Phrase,Core
EggCelle | Donor Recruit | North Carolina,surrogate,Phrase,Core
EggCelle | Donor Recruit | North Carolina,surrogacy,Phrase,Core
EggCelle | Donor Recruit | North Carolina,become a surrogate,Phrase,Core
EggCelle | Donor Recruit | North Carolina,embryo donation,Phrase,Core
EggCelle | Donor Recruit | North Carolina,embryo adoption,Phrase,Core
EggCelle | Donor Recruit | North Carolina,organ donation,Phrase,Core
EggCelle | Donor Recruit | North Carolina,kidney donation,Phrase,Core
EggCelle | Donor Recruit | North Carolina,bone marrow,Phrase,Core
EggCelle | Donor Recruit | North Carolina,hair donation,Phrase,Core
EggCelle | Donor Recruit | North Carolina,food bank,Phrase,Core
EggCelle | Donor Recruit | North Carolina,egg recipe,Phrase,Core
EggCelle | Donor Recruit | North Carolina,egg recipes,Phrase,Core
EggCelle | Donor Recruit | North Carolina,recipe,Phrase,Core
EggCelle | Donor Recruit | North Carolina,chicken eggs,Phrase,Core
EggCelle | Donor Recruit | North Carolina,bird nest,Phrase,Core
EggCelle | Donor Recruit | North Carolina,bald eagle,Phrase,Core
EggCelle | Donor Recruit | North Carolina,easter egg,Phrase,Core
EggCelle | Donor Recruit | North Carolina,egg prices,Phrase,Core
EggCelle | Donor Recruit | North Carolina,price of eggs,Phrase,Core
EggCelle | Donor Recruit | North Carolina,dozen eggs,Phrase,Core
EggCelle | Donor Recruit | North Carolina,egg shortage,Phrase,Core
EggCelle | Donor Recruit | North Carolina,jobs,Phrase,Core
EggCelle | Donor Recruit | North Carolina,job,Phrase,Core
EggCelle | Donor Recruit | North Carolina,salary,Phrase,Core
EggCelle | Donor Recruit | North Carolina,career,Phrase,Core
EggCelle | Donor Recruit | North Carolina,cheap,Phrase,Core
EggCelle | Donor Recruit | North Carolina,free,Phrase,Core
EggCelle | Donor Recruit | North Carolina,over 35,Phrase,Core
EggCelle | Donor Recruit | North Carolina,over 40,Phrase,Core
EggCelle | Donor Recruit | North Carolina,age limit,Phrase,Core
EggCelle | Donor Recruit | North Carolina,menopause,Phrase,Core
EggCelle | Donor Recruit | North Carolina,shady grove,Phrase,Competitor (REVIEW)
EggCelle | Donor Recruit | North Carolina,shady grove fertility,Phrase,Competitor (REVIEW)
EggCelle | Donor Recruit | North Carolina,fairfax egg bank,Phrase,Competitor (REVIEW)
EggCelle | Donor Recruit | North Carolina,fairfax eggbank,Phrase,Competitor (REVIEW)
EggCelle | Donor Recruit | North Carolina,cofertility,Phrase,Competitor (REVIEW)
EggCelle | Donor Recruit | North Carolina,freeze and share,Phrase,Competitor (REVIEW)
EggCelle | Donor Recruit | North Carolina,bundl fertility,Phrase,Competitor (REVIEW)
EggCelle | Donor Recruit | North Carolina,circle egg donation,Phrase,Competitor (REVIEW)
EggCelle | Donor Recruit | North Carolina,egg donor america,Phrase,Competitor (REVIEW)
EggCelle | Donor Recruit | North Carolina,world egg and sperm bank,Phrase,Competitor (REVIEW)
