Campaign,Ad Group,Ad type,Headline 1,Headline 2,Headline 3,Headline 4,Headline 5,Headline 6,Headline 7,Headline 8,Headline 9,Headline 10,Headline 11,Headline 12,Headline 13,Headline 14,Headline 15,Description 1,Description 2,Description 3,Description 4,Path 1,Path 2,Final URL,Status
EggCelle | Donor Recruit | Michigan,Become a Donor,Responsive search ad,Become an Egg Donor,Apply to Be an Egg Donor,Egg Donor Application,Help a Family Grow,Get Paid to Donate Eggs,Generous Donor Compensation,Start Your Donor Journey,Free Health Screening,Confidential & Supportive,Apply Online in Minutes,Egg Donors Wanted,Make a Real Difference,Become an Egg Donor Today,,,Become an egg donor and help families in Michigan. Apply online in minutes.,"Generous compensation, free medical screening, and caring support every step.",Egg donors are in high demand. See if you qualify and apply today.,Confidential process with a dedicated team guiding you start to finish.,Egg-Donor,Michigan,https://www.eggcelle.com/,Enabled
EggCelle | Donor Recruit | Michigan,Local Egg Donation,Responsive search ad,Egg Donation Near You,Local Egg Donation,Egg Donation Made Easy,Donate Eggs Locally,Trusted Egg Donor Program,Egg Donor Program Near You,Caring Egg Donation Team,Apply to Donate Eggs,Help Families Near You,Egg Donor Application,Get Paid to Donate Eggs,Start Your Application,,,,Donate eggs close to home in Michigan. Local clinics and flexible scheduling.,Join a trusted local egg donor program. Generous pay and full medical support.,Compassionate egg donation with clinics near you. Apply online in minutes.,See if you qualify to become an egg donor in your area today.,Egg-Donor,Michigan,https://www.eggcelle.com/,Enabled
EggCelle | Donor Recruit | Michigan,Compensation & Pay,Responsive search ad,Egg Donor Compensation,Generous Egg Donor Pay,Get Paid to Donate Eggs,Egg Donation Pay Rates,Donor Compensation Info,Earn With Egg Donation,Egg Donor Payment,Top Donor Compensation,Paid Egg Donor Program,Compensation + Free Care,"Donate Eggs, Get Paid",See Your Earning Potential,,,,Egg donors receive generous compensation plus free medical screening.,Earn meaningful compensation by helping a family in Michigan.,Get paid to donate eggs. Transparent pay and a supportive team.,Discover egg donor pay rates and apply online in minutes.,Egg-Donor,Michigan,https://www.eggcelle.com/,Enabled
EggCelle | Donor Recruit | Michigan,Get Paid to Donate,Responsive search ad,Get Paid to Donate Eggs,Donate Eggs for Money,Paid Egg Donation,Earn From Egg Donation,Generous Donor Pay,"Donate Eggs, Get Paid",Egg Donor Compensation,Help Families & Earn,Apply to Donate Eggs,Start Earning Today,Egg Donors Wanted,Free Screening Included,,,,Get paid to donate eggs and help a family grow. Apply online in minutes.,"Generous compensation for egg donors, plus free medical screening.","Donate eggs for meaningful pay with a caring, confidential team.",See if you qualify to become a paid egg donor in Michigan today.,Egg-Donor,Michigan,https://www.eggcelle.com/,Enabled
EggCelle | Donor Recruit | Michigan,Requirements & Eligibility,Responsive search ad,Egg Donor Requirements,Do You Qualify to Donate?,Egg Donor Eligibility,See If You Qualify,Egg Donor Qualifications,Check Your Eligibility,Become an Egg Donor,Donor Criteria Explained,Apply & Check Eligibility,Free Eligibility Check,Find Out If You Qualify,Quick Eligibility Quiz,,,,Wondering if you qualify to donate eggs? Check the requirements and apply.,Most healthy women can become egg donors. See the eligibility criteria today.,Find out if you meet egg donor requirements in Michigan.,"Quick, free eligibility check. Apply online in just a few minutes.",Egg-Donor,Michigan,https://www.eggcelle.com/,Enabled
EggCelle | Donor Recruit | Michigan,Donation Process,Responsive search ad,How Egg Donation Works,The Egg Donation Process,What Is Egg Donation?,Egg Donation Explained,Your Donor Journey,Egg Donation Step by Step,"Safe, Supported Process",Learn About Egg Donation,Become an Egg Donor,"Caring, Confidential Team",Free Health Screening,Apply When You're Ready,,,,"Learn how egg donation works, from application to retrieval, step by step.","A safe, supported egg donation process with a dedicated care team.",Understand the egg donation timeline and what to expect at each stage.,Curious about egg donation? Learn more and see if it's right for you.,Egg-Donor,Michigan,https://www.eggcelle.com/,Enabled
EggCelle | Donor Recruit | Michigan,Agency & Program,Responsive search ad,Trusted Egg Donor Agency,Egg Donor Program,Join Our Donor Program,Caring Egg Donor Agency,Egg Donation Program,Apply to Our Program,Supportive Donor Team,Become an Egg Donor,Generous Compensation,Free Medical Screening,Egg Donors Wanted,Start Your Application,,,,Join a trusted egg donor agency with generous pay and full support.,Our egg donor program guides you with care from application to completion.,"Compassionate team, generous compensation, and free medical screening.",Apply to our egg donor program in Michigan and help a family grow.,Egg-Donor,Michigan,https://www.eggcelle.com/,Enabled
EggCelle | Donor Recruit | Ohio,Become a Donor,Responsive search ad,Become an Egg Donor,Apply to Be an Egg Donor,Egg Donor Application,Help a Family Grow,Get Paid to Donate Eggs,Generous Donor Compensation,Start Your Donor Journey,Free Health Screening,Confidential & Supportive,Apply Online in Minutes,Egg Donors Wanted,Make a Real Difference,Become an Egg Donor Today,,,Become an egg donor and help families in Ohio. Apply online in minutes.,"Generous compensation, free medical screening, and caring support every step.",Egg donors are in high demand. See if you qualify and apply today.,Confidential process with a dedicated team guiding you start to finish.,Egg-Donor,Ohio,https://www.eggcelle.com/,Enabled
EggCelle | Donor Recruit | Ohio,Local Egg Donation,Responsive search ad,Egg Donation Near You,Local Egg Donation,Egg Donation Made Easy,Donate Eggs Locally,Trusted Egg Donor Program,Egg Donor Program Near You,Caring Egg Donation Team,Apply to Donate Eggs,Help Families Near You,Egg Donor Application,Get Paid to Donate Eggs,Start Your Application,,,,Donate eggs close to home in Ohio. Local clinics and flexible scheduling.,Join a trusted local egg donor program. Generous pay and full medical support.,Compassionate egg donation with clinics near you. Apply online in minutes.,See if you qualify to become an egg donor in your area today.,Egg-Donor,Ohio,https://www.eggcelle.com/,Enabled
EggCelle | Donor Recruit | Ohio,Compensation & Pay,Responsive search ad,Egg Donor Compensation,Generous Egg Donor Pay,Get Paid to Donate Eggs,Egg Donation Pay Rates,Donor Compensation Info,Earn With Egg Donation,Egg Donor Payment,Top Donor Compensation,Paid Egg Donor Program,Compensation + Free Care,"Donate Eggs, Get Paid",See Your Earning Potential,,,,Egg donors receive generous compensation plus free medical screening.,Earn meaningful compensation by helping a family in Ohio.,Get paid to donate eggs. Transparent pay and a supportive team.,Discover egg donor pay rates and apply online in minutes.,Egg-Donor,Ohio,https://www.eggcelle.com/,Enabled
EggCelle | Donor Recruit | Ohio,Get Paid to Donate,Responsive search ad,Get Paid to Donate Eggs,Donate Eggs for Money,Paid Egg Donation,Earn From Egg Donation,Generous Donor Pay,"Donate Eggs, Get Paid",Egg Donor Compensation,Help Families & Earn,Apply to Donate Eggs,Start Earning Today,Egg Donors Wanted,Free Screening Included,,,,Get paid to donate eggs and help a family grow. Apply online in minutes.,"Generous compensation for egg donors, plus free medical screening.","Donate eggs for meaningful pay with a caring, confidential team.",See if you qualify to become a paid egg donor in Ohio today.,Egg-Donor,Ohio,https://www.eggcelle.com/,Enabled
EggCelle | Donor Recruit | Ohio,Requirements & Eligibility,Responsive search ad,Egg Donor Requirements,Do You Qualify to Donate?,Egg Donor Eligibility,See If You Qualify,Egg Donor Qualifications,Check Your Eligibility,Become an Egg Donor,Donor Criteria Explained,Apply & Check Eligibility,Free Eligibility Check,Find Out If You Qualify,Quick Eligibility Quiz,,,,Wondering if you qualify to donate eggs? Check the requirements and apply.,Most healthy women can become egg donors. See the eligibility criteria today.,Find out if you meet egg donor requirements in Ohio.,"Quick, free eligibility check. Apply online in just a few minutes.",Egg-Donor,Ohio,https://www.eggcelle.com/,Enabled
EggCelle | Donor Recruit | Ohio,Donation Process,Responsive search ad,How Egg Donation Works,The Egg Donation Process,What Is Egg Donation?,Egg Donation Explained,Your Donor Journey,Egg Donation Step by Step,"Safe, Supported Process",Learn About Egg Donation,Become an Egg Donor,"Caring, Confidential Team",Free Health Screening,Apply When You're Ready,,,,"Learn how egg donation works, from application to retrieval, step by step.","A safe, supported egg donation process with a dedicated care team.",Understand the egg donation timeline and what to expect at each stage.,Curious about egg donation? Learn more and see if it's right for you.,Egg-Donor,Ohio,https://www.eggcelle.com/,Enabled
EggCelle | Donor Recruit | Ohio,Agency & Program,Responsive search ad,Trusted Egg Donor Agency,Egg Donor Program,Join Our Donor Program,Caring Egg Donor Agency,Egg Donation Program,Apply to Our Program,Supportive Donor Team,Become an Egg Donor,Generous Compensation,Free Medical Screening,Egg Donors Wanted,Start Your Application,,,,Join a trusted egg donor agency with generous pay and full support.,Our egg donor program guides you with care from application to completion.,"Compassionate team, generous compensation, and free medical screening.",Apply to our egg donor program in Ohio and help a family grow.,Egg-Donor,Ohio,https://www.eggcelle.com/,Enabled
EggCelle | Donor Recruit | North Carolina,Become a Donor,Responsive search ad,Become an Egg Donor,Apply to Be an Egg Donor,Egg Donor Application,Help a Family Grow,Get Paid to Donate Eggs,Generous Donor Compensation,Start Your Donor Journey,Free Health Screening,Confidential & Supportive,Apply Online in Minutes,Egg Donors Wanted,Make a Real Difference,Become an Egg Donor Today,,,Become an egg donor and help families in North Carolina. Apply online in minutes.,"Generous compensation, free medical screening, and caring support every step.",Egg donors are in high demand. See if you qualify and apply today.,Confidential process with a dedicated team guiding you start to finish.,Egg-Donor,NC,https://www.eggcelle.com/,Enabled
EggCelle | Donor Recruit | North Carolina,Local Egg Donation,Responsive search ad,Egg Donation Near You,Local Egg Donation,Egg Donation Made Easy,Donate Eggs Locally,Trusted Egg Donor Program,Egg Donor Program Near You,Caring Egg Donation Team,Apply to Donate Eggs,Help Families Near You,Egg Donor Application,Get Paid to Donate Eggs,Start Your Application,,,,Donate eggs close to home in North Carolina. Local clinics and flexible scheduling.,Join a trusted local egg donor program. Generous pay and full medical support.,Compassionate egg donation with clinics near you. Apply online in minutes.,See if you qualify to become an egg donor in your area today.,Egg-Donor,NC,https://www.eggcelle.com/,Enabled
EggCelle | Donor Recruit | North Carolina,Compensation & Pay,Responsive search ad,Egg Donor Compensation,Generous Egg Donor Pay,Get Paid to Donate Eggs,Egg Donation Pay Rates,Donor Compensation Info,Earn With Egg Donation,Egg Donor Payment,Top Donor Compensation,Paid Egg Donor Program,Compensation + Free Care,"Donate Eggs, Get Paid",See Your Earning Potential,,,,Egg donors receive generous compensation plus free medical screening.,Earn meaningful compensation by helping a family in North Carolina.,Get paid to donate eggs. Transparent pay and a supportive team.,Discover egg donor pay rates and apply online in minutes.,Egg-Donor,NC,https://www.eggcelle.com/,Enabled
EggCelle | Donor Recruit | North Carolina,Get Paid to Donate,Responsive search ad,Get Paid to Donate Eggs,Donate Eggs for Money,Paid Egg Donation,Earn From Egg Donation,Generous Donor Pay,"Donate Eggs, Get Paid",Egg Donor Compensation,Help Families & Earn,Apply to Donate Eggs,Start Earning Today,Egg Donors Wanted,Free Screening Included,,,,Get paid to donate eggs and help a family grow. Apply online in minutes.,"Generous compensation for egg donors, plus free medical screening.","Donate eggs for meaningful pay with a caring, confidential team.",See if you qualify to become a paid egg donor in North Carolina today.,Egg-Donor,NC,https://www.eggcelle.com/,Enabled
EggCelle | Donor Recruit | North Carolina,Requirements & Eligibility,Responsive search ad,Egg Donor Requirements,Do You Qualify to Donate?,Egg Donor Eligibility,See If You Qualify,Egg Donor Qualifications,Check Your Eligibility,Become an Egg Donor,Donor Criteria Explained,Apply & Check Eligibility,Free Eligibility Check,Find Out If You Qualify,Quick Eligibility Quiz,,,,Wondering if you qualify to donate eggs? Check the requirements and apply.,Most healthy women can become egg donors. See the eligibility criteria today.,Find out if you meet egg donor requirements in North Carolina.,"Quick, free eligibility check. Apply online in just a few minutes.",Egg-Donor,NC,https://www.eggcelle.com/,Enabled
EggCelle | Donor Recruit | North Carolina,Donation Process,Responsive search ad,How Egg Donation Works,The Egg Donation Process,What Is Egg Donation?,Egg Donation Explained,Your Donor Journey,Egg Donation Step by Step,"Safe, Supported Process",Learn About Egg Donation,Become an Egg Donor,"Caring, Confidential Team",Free Health Screening,Apply When You're Ready,,,,"Learn how egg donation works, from application to retrieval, step by step.","A safe, supported egg donation process with a dedicated care team.",Understand the egg donation timeline and what to expect at each stage.,Curious about egg donation? Learn more and see if it's right for you.,Egg-Donor,NC,https://www.eggcelle.com/,Enabled
EggCelle | Donor Recruit | North Carolina,Agency & Program,Responsive search ad,Trusted Egg Donor Agency,Egg Donor Program,Join Our Donor Program,Caring Egg Donor Agency,Egg Donation Program,Apply to Our Program,Supportive Donor Team,Become an Egg Donor,Generous Compensation,Free Medical Screening,Egg Donors Wanted,Start Your Application,,,,Join a trusted egg donor agency with generous pay and full support.,Our egg donor program guides you with care from application to completion.,"Compassionate team, generous compensation, and free medical screening.",Apply to our egg donor program in North Carolina and help a family grow.,Egg-Donor,NC,https://www.eggcelle.com/,Enabled
EggCelle | Brand,Brand Core,Responsive search ad,EggCelle Egg Donors,EggCelle Donor Program,Become an EggCelle Donor,EggCelle Egg Donation,Apply With EggCelle,EggCelle Donor Application,Generous Donor Pay,Free Health Screening,Help a Family With EggCelle,EggCelle Egg Donor Program,Trusted Egg Donor Agency,Start Your Application,,,,Apply to become an EggCelle egg donor. Generous pay and caring support.,EggCelle helps you donate eggs with confidence. Apply online in minutes.,Join the EggCelle donor program and help build families.,Generous compensation and free medical screening with EggCelle.,Egg-Donor,Apply,https://www.eggcelle.com/,Enabled
